City,Country,Temperature,Humidity,Cloudiness,Wind Speed,Latitude,Longitude
rikitea,PF,78.98,70,99,7.45,-23.1203,-134.9692
punta arenas,CL,53.29,54,75,19.57,-53.15,-70.9167
tiksi,RU,-27.76,84,74,7.2,71.6872,128.8694
kuryk,KZ,17.08,87,88,22.35,43.2,51.65
kapaa,US,71.47,78,75,17.27,22.0752,-159.319
stornoway,GB,49.59,76,20,24.16,58.2093,-6.3865
oranjemund,NA,65.25,71,0,17.72,-28.55,16.4333
bilibino,RU,-21.48,84,100,2.46,68.0546,166.4372
north bend,US,40.41,93,90,5.75,43.4065,-124.2243
bethel,US,38.07,65,40,6.91,41.3712,-73.414
busselton,AU,64.8,93,0,1.99,-33.65,115.3333
san jeronimo,PE,58.78,64,80,2.33,-11.9472,-75.2829
jamestown,US,33.3,93,90,14.97,42.097,-79.2353
bredasdorp,ZA,84.2,39,0,13.8,-34.5322,20.0403
cape town,ZA,75.56,53,20,14.97,-33.9258,18.4232
yeppoon,AU,80.6,83,40,9.22,-23.1333,150.7333
butaritari,KI,81.39,77,86,19.1,3.0707,172.7902
sitka,US,33.8,75,90,2.08,57.0531,-135.33
moche,PE,69.8,83,71,6.91,-8.1711,-79.0092
lima,PE,74.37,69,0,6.91,-12.0432,-77.0282
alofi,NU,75.2,94,98,1.14,-19.0595,-169.9187
dhidhdhoo,MV,82.29,72,11,8.5,6.8833,73.1
kenai,US,-3.64,84,20,3.44,60.5544,-151.2583
inza,RU,-18.69,86,57,10.16,53.8533,46.3586
bluff,NZ,64.99,61,84,3.0,-46.6,168.3333
albany,US,36.63,56,100,3.38,42.6001,-73.9662
mar del plata,AR,73.65,40,0,8.05,-38.0023,-57.5575
malanje,AO,75.22,80,73,2.59,-9.5402,16.340999999999998
vardo,NO,12.2,85,90,25.32,70.3705,31.1107
hilo,US,64.71,82,90,4.61,19.7297,-155.09
east london,ZA,75.2,83,75,18.41,-33.0153,27.9116
buraydah,SA,62.6,63,20,17.27,26.326,43.975
saint-philippe,RE,76.71,61,0,20.71,-21.3585,55.7679
ancud,CL,60.67,72,75,13.8,-41.8697,-73.8203
saint george,US,33.8,51,1,1.32,37.1041,-113.5841
boden,SE,15.8,92,75,6.91,65.8252,21.6886
vao,NC,78.48,78,23,15.41,-22.6667,167.4833
palana,RU,-5.33,92,3,9.1,59.1167,159.9667
gamba,GA,82.58,75,44,9.15,-2.65,10.0
abu kamal,SY,55.31,26,0,4.43,34.4506,40.9171
rock sound,BS,76.12,80,37,13.6,24.9,-76.2
coihaique,CL,64.4,55,0,5.75,-45.5752,-72.0662
yellowknife,CA,-25.29,75,20,3.51,62.456,-114.3525
chokurdakh,RU,-34.31,84,60,8.03,70.6333,147.9167
narsaq,GL,23.0,36,20,4.18,60.9167,-46.05
palmer,US,38.77,75,75,5.75,42.1584,-72.3287
hithadhoo,MV,83.14,75,57,13.94,-0.6,73.0833
hobyo,SO,77.85,74,45,19.01,5.3505,48.5268
pevek,RU,-17.21,88,100,6.33,69.7008,170.3133
banda aceh,ID,79.23,77,97,7.38,5.5577,95.3222
mayo,US,45.54,65,75,17.27,38.8876,-76.5119
port alfred,ZA,73.0,80,10,5.99,-33.5906,26.891
hermanus,ZA,73.99,67,0,4.0,-34.4187,19.2345
nelson bay,AU,64.44,100,75,5.75,-32.7167,152.15
barrow,US,-41.8,86,1,10.36,71.2906,-156.7887
lewisporte,CA,26.4,68,90,16.11,49.2499,-55.0482
alzamay,RU,-4.56,90,93,1.39,55.5562,98.6644
tigil,RU,-3.32,89,2,4.59,57.8,158.6667
niksar,TR,38.55,74,3,0.34,40.5917,36.9517
nishihara,JP,64.62,72,75,3.44,26.1842,127.7558
sao filipe,CV,74.66,63,0,18.41,14.8961,-24.4956
jining,CN,36.86,75,5,11.43,35.405,116.5814
cozumel,MX,78.73,74,40,8.05,20.5083,-86.9458
thompson,CA,-9.4,70,20,5.75,55.7435,-97.8558
mataura,NZ,64.99,61,78,3.0,-46.1927,168.8643
belmonte,BR,83.17,79,75,6.91,-15.8631,-38.8828
lasa,IT,52.86,57,46,2.3,46.6166,10.7002
el tigre,VE,80.91,63,87,12.86,8.8875,-64.2454
guerrero negro,MX,65.5,31,0,1.36,27.9769,-114.0611
sao joao da barra,BR,82.4,74,40,2.3,-21.6403,-41.0511
torata,PE,69.6,34,15,7.83,-17.0769,-70.8433
ushuaia,AR,48.2,57,90,4.61,-54.8,-68.3
mount pleasant,US,56.32,44,1,11.5,32.7941,-79.8626
clyde river,CA,-13.0,77,75,3.24,70.4692,-68.5914
petropavlovsk-kamchatskiy,RU,26.6,74,75,4.47,53.0452,158.6483
katsuura,JP,42.66,39,75,21.85,35.1333,140.3
klaksvik,FO,42.8,100,75,14.97,62.2266,-6.5889999999999995
esperance,AU,68.0,60,0,13.8,-33.8667,121.9
hambantota,LK,80.6,89,20,5.75,6.1241,81.1185
kensington,AU,63.05,94,75,17.27,-33.9167,151.2167
hasaki,JP,38.55,45,75,5.75,35.7333,140.8333
puerto ayora,EC,81.52,74,75,9.22,-0.7393,-90.3518
pangody,RU,-23.62,86,93,7.49,65.85,74.4859
eureka,US,45.21,97,64,1.01,40.8021,-124.1637
baiyin,CN,45.46,24,0,15.66,36.5583,104.2081
adwa,ET,71.82,33,97,1.74,14.1646,38.8955
saskylakh,RU,-23.21,85,98,1.88,71.9167,114.0833
faanui,PF,81.86,70,94,8.03,-16.4833,-151.75
skibbereen,IE,51.8,100,75,24.16,51.55,-9.2667
norman wells,CA,-18.4,76,75,2.66,65.282,-126.8329
kokoda,PG,74.35,92,100,3.51,-8.8785,147.7407
victoria,HK,67.1,83,31,1.99,22.2855,114.1577
georgetown,MY,83.55,65,20,8.05,5.4112,100.3354
miandrivazo,MG,82.6,59,71,9.8,-19.5167,45.4667
maumere,ID,80.01,80,70,8.55,-8.6199,122.2111
carnarvon,AU,84.2,58,0,14.97,-24.8667,113.6333
teguise,ES,68.0,77,20,18.41,29.0605,-13.564
inuvik,CA,-13.88,77,100,3.44,68.3499,-133.7218
lagoa,PT,53.62,60,34,31.18,39.05,-27.9833
portland,US,37.98,87,40,5.28,45.5234,-122.6762
alyangula,AU,80.6,89,100,3.44,-13.8483,136.4192
cayenne,GF,82.4,83,75,10.36,4.9333,-52.3333
terra santa,BR,88.66,54,62,5.37,-2.1042,-56.4869
tuktoyaktuk,CA,-20.2,69,75,17.27,69.4541,-133.0374
zyryanka,RU,-32.66,81,39,2.08,65.75,150.85
college,US,-22.36,87,40,1.74,64.8569,-147.8028
necochea,AR,80.01,31,0,1.99,-38.5473,-58.7368
hobart,AU,47.55,76,61,9.22,-42.8794,147.3294
diego de almagro,CL,78.08,31,3,9.31,-26.3667,-70.05
omboue,GA,82.42,77,76,9.44,-1.5746,9.2618
avarua,CK,75.2,94,75,2.3,-21.2078,-159.775
cabra,ES,62.44,42,0,4.61,37.4725,-4.4421
hamilton,US,45.46,57,1,13.8,39.1834,-84.5333
aklavik,CA,-13.85,77,100,3.44,68.2191,-135.0107
lenoir city,US,52.88,46,0,8.86,35.7973,-84.256
ciudad bolivar,VE,89.13,46,70,11.1,8.1222,-63.5497
vagur,FO,44.47,95,100,16.44,61.4732,-6.8119
nikolskoye,RU,7.52,85,90,15.66,59.7035,30.7861
peleduy,RU,-0.67,91,100,4.61,59.6289,112.7406
ambagarh chauki,IN,72.46,17,0,2.13,20.7833,80.7167
nueva helvecia,UY,79.0,46,0,8.05,-34.3,-57.2333
the valley,AI,81.95,61,20,20.71,18.217,-63.0578
isabela,PH,78.8,89,75,2.3,6.7085,121.9711
chuy,UY,75.92,55,66,9.01,-33.6971,-53.4616
tazmalt,DZ,63.48,53,67,11.23,36.3868,4.3989
rexburg,US,30.94,64,75,3.44,43.826,-111.7897
gawler,AU,57.02,69,76,8.99,-34.6,138.7333
cairns,AU,76.5,94,58,3.4,-16.9167,145.7667
atuona,PF,78.53,78,31,13.2,-9.8,-139.0333
trincomalee,LK,79.25,79,48,12.15,8.5711,81.2335
hay river,CA,-27.38,75,100,2.3,60.8156,-115.7999
camana,PE,74.32,62,89,10.33,-16.6228,-72.7111
am timan,TD,96.69,12,6,5.37,11.0297,20.2827
coracora,PE,62.19,44,95,5.1,-15.0333,-73.7833
san patricio,US,60.8,94,75,9.73,28.017,-97.5169
palauig,PH,79.03,78,30,2.44,15.435,119.9045
venado,MX,56.89,51,32,1.5,22.9333,-101.0833
atar,MR,92.26,10,0,7.23,20.5169,-13.0499
ambilobe,MG,77.0,86,100,5.28,-13.2,49.05
bengkulu,ID,78.93,79,100,0.6,-3.8004,102.2655
ambon,ID,78.8,83,40,4.61,-3.6954,128.1814
severo-kurilsk,RU,30.16,94,100,35.1,50.6789,156.125
syosset,US,40.5,70,1,6.91,40.8262,-73.5021
qaanaaq,GL,6.82,78,100,4.45,77.484,-69.3632
uyuni,BO,65.08,27,97,6.46,-20.4597,-66.825
mao,ES,59.0,88,40,11.5,39.8885,4.2658
altay,CN,18.43,77,56,5.08,47.8667,88.1167
faya,SA,65.3,63,40,5.75,18.3851,42.4509
vaini,TO,77.0,83,20,5.75,-21.2,-175.2
cidreira,BR,83.91,59,0,4.18,-30.1811,-50.2056
barmer,IN,74.25,24,0,10.54,25.75,71.3833
manadhoo,MV,82.56,72,85,9.73,5.7667,73.3833
sabang,ID,81.32,71,79,9.86,5.8933,95.3214
marrakesh,MA,73.4,35,0,11.5,31.6315,-8.0083
winslow,US,28.4,54,1,10.36,35.0242,-110.6974
westport,US,39.42,70,20,11.5,41.1415,-73.3579
poum,NC,81.59,78,100,17.6,-20.2333,164.0167
bosaso,SO,76.08,71,2,8.81,11.2842,49.1816
durban,ZA,79.14,61,40,5.75,-29.8579,31.0292
kawalu,ID,73.42,85,100,1.68,-7.3817,108.2082
port elizabeth,ZA,73.4,68,0,18.41,-33.918,25.5701
ilongero,TZ,64.51,90,100,3.04,-4.6667,34.8667
kaitangata,NZ,64.87,54,100,7.7,-46.2817,169.8464
marsa matruh,EG,60.8,59,40,5.75,31.3525,27.2453
caravelas,BR,86.11,57,8,10.09,-17.7125,-39.2481
lebu,CL,61.52,61,0,22.62,-37.6167,-73.65
nantucket,US,40.05,81,1,14.97,41.2835,-70.0995
teguldet,RU,-17.28,89,45,2.1,57.3064,88.1667
acarau,BR,84.76,68,84,9.19,-2.8856,-40.12
eskilstuna,SE,41.0,87,40,6.91,59.3666,16.5077
nabire,ID,74.52,94,100,2.44,-3.3667,135.4833
tasiilaq,GL,32.0,69,75,11.5,65.6145,-37.6368
la ronge,CA,6.8,85,63,1.14,55.1001,-105.2842
cherskiy,RU,-31.85,92,62,4.54,68.75,161.3
pokrovskoye,RU,10.99,56,0,11.01,47.4157,38.8971
dikson,RU,-7.74,92,100,5.66,73.5069,80.5464
millinocket,US,33.8,75,90,6.91,45.6573,-68.7098
arman,RU,-5.8,66,0,10.85,59.7,150.1667
dongsheng,CN,37.24,68,100,4.09,39.8161,109.9776
kodiak,US,19.4,68,1,8.05,57.79,-152.4072
chapleau,CA,33.8,80,90,9.22,47.8405,-83.4034
salalah,OM,77.0,69,0,5.75,17.0151,54.0924
dudinka,RU,-26.63,86,96,5.3,69.4058,86.1778
novo aripuana,BR,84.11,77,59,6.67,-5.1206,-60.3797
longyearbyen,SJ,28.4,86,75,2.3,78.2186,15.6401
bernay,FR,60.4,67,0,8.01,49.1667,0.6667
richards bay,ZA,76.66,89,94,8.23,-28.783,32.0377
udachnyy,RU,-39.91,79,11,1.1,66.4167,112.4
tabou,CI,83.14,71,38,8.81,4.423,-7.3528
ternate,ID,81.1,79,56,8.48,0.8,127.4
ponta do sol,PT,66.22,68,40,16.11,32.6667,-17.1
port lincoln,AU,58.57,68,86,12.5,-34.7333,135.8667
berlevag,NO,10.2,79,75,23.02,70.8578,29.0864
nueve de julio,AR,87.01,20,0,3.0,-35.4444,-60.8831
malaya purga,RU,-14.42,86,0,13.33,56.5567,53.0043
kargil,IN,15.64,84,74,6.87,34.5667,76.1
nanortalik,GL,23.29,83,0,9.19,60.1432,-45.2371
longjiang,CN,1.18,83,0,1.25,47.3303,123.1836
porto walter,BR,84.15,64,97,4.14,-8.2686,-72.7439
rawson,AR,65.34,50,0,17.13,-43.3002,-65.1023
meulaboh,ID,79.11,79,91,3.38,4.1363,96.1285
dunedin,NZ,64.99,63,100,1.99,-45.8742,170.5036
presidencia roque saenz pena,AR,102.0,31,57,7.0,-26.7852,-60.4388
pacific grove,US,50.47,66,1,3.44,36.6177,-121.9166
essau,GM,104.0,12,0,11.5,13.4839,-16.5347
coquimbo,CL,64.4,72,40,11.5,-29.9533,-71.3436
emerald,AU,79.45,54,15,12.66,-23.5333,148.1667
lompoc,US,47.41,70,1,8.05,34.6391,-120.4579
qasigiannguit,GL,19.4,45,40,16.11,68.8193,-51.1922
mount gambier,AU,44.6,81,100,3.18,-37.8333,140.7667
namibe,AO,80.6,50,20,20.71,-15.1961,12.1522
ocampo,MX,61.48,31,60,3.24,21.65,-101.5
montepuez,MZ,72.7,93,100,1.92,-13.1256,38.9997
pangnirtung,CA,5.0,78,75,9.22,66.1451,-65.7125
iqaluit,CA,21.2,86,90,17.27,63.7506,-68.5145
arlit,NE,85.17,10,0,6.76,18.7369,7.3853
turayf,SA,57.2,44,75,25.32,31.6725,38.6637
sao bento do sul,BR,92.7,66,0,6.91,-26.2503,-49.3786
ribeira grande,PT,55.4,58,40,20.71,38.5167,-28.7
gat,IL,60.24,56,92,14.09,31.61,34.7642
amapa,BR,81.93,68,94,3.09,1.0,-52.0
bambous virieux,MU,79.84,74,20,9.22,-20.3428,57.7575
kavieng,PG,82.11,75,100,5.64,-2.5744,150.7967
vylkove,UA,39.09,87,0,11.83,45.4021,29.586
chala,TZ,62.13,95,94,2.57,-7.5833,31.2667
vila do maio,CV,80.6,44,0,25.32,15.1333,-23.2167
grimshaw,CA,23.0,74,75,16.11,56.1834,-117.6027
jalu,LY,64.69,33,0,10.07,29.0331,21.5482
talara,PE,82.4,57,0,17.27,-4.5772,-81.2719
hofn,IS,39.2,75,90,25.32,64.2539,-15.2082
mmabatho,ZA,77.0,61,65,8.05,-25.85,25.6333
santiago de cao,PE,69.8,83,57,6.91,-7.9589,-79.2392
eravur,LK,77.4,84,84,8.48,7.7733,81.6095
upernavik,GL,6.93,88,70,2.33,72.7868,-56.1549
tazovskiy,RU,-20.56,88,100,6.4,67.4667,78.7
alta floresta,BR,84.2,70,75,4.61,-9.8756,-56.0861
sobolevo,RU,9.81,83,100,14.63,54.4299,31.8996
los llanos de aridane,ES,65.07,68,75,4.61,28.6585,-17.9182
ilulissat,GL,19.4,45,40,16.11,69.2167,-51.1
adrar,MR,87.64,12,0,5.73,20.5022,-10.0711
xingyi,CN,50.72,68,73,4.12,24.1877,102.81700000000001
tallahassee,US,59.34,44,1,9.22,30.4383,-84.2807
shenjiamen,CN,49.86,80,62,11.68,29.9576,122.29799999999999
broome,US,30.79,93,90,12.66,42.2506,-75.833
castro,BR,82.8,47,0,5.01,-24.7911,-50.0119
krasnoselkup,RU,-32.24,83,93,4.16,65.7,82.4667
namatanai,PG,80.11,81,100,3.58,-3.6667,152.4333
torbay,CA,33.22,64,90,11.5,47.6666,-52.7314
fairbanks,US,-22.32,75,1,4.61,64.8378,-147.7164
newport,GB,52.72,81,66,1.01,51.5877,-2.9984
new norfolk,AU,44.94,67,57,2.21,-42.7826,147.0587
canton,CN,72.34,68,75,2.24,23.1167,113.25
provideniya,RU,-4.99,89,100,17.02,64.3833,-173.3
khandyga,RU,-26.18,84,95,1.99,62.6667,135.6
iquitos,PE,80.6,78,75,4.61,-3.7481,-73.2472
cabo san lucas,MX,66.52,55,1,2.55,22.8909,-109.9124
fortuna,US,47.98,100,90,8.05,40.5982,-124.1573
lavrentiya,RU,-10.19,86,78,7.31,65.5833,-171.0
pisco,PE,73.65,68,0,6.91,-13.7,-76.2167
kavaratti,IN,82.35,65,41,4.36,10.5669,72.642
evensk,RU,-6.07,76,0,7.09,61.95,159.2333
palafrugell,ES,59.47,82,20,9.22,41.9174,3.1631
sarangani,PH,82.24,78,24,12.12,5.4033,125.4636
bongandanga,CD,83.48,56,100,8.41,1.5,21.05
athabasca,CA,23.85,80,100,4.61,54.7169,-113.2854
talnakh,RU,-29.45,81,67,4.12,69.4865,88.3972
janauba,BR,84.25,56,8,4.25,-15.8025,-43.3089
sri aman,MY,75.11,94,86,1.81,1.2376,111.4621
mahibadhoo,MV,82.27,80,37,14.0,3.7833,72.9667
takoradi,GH,84.13,69,6,9.22,4.8845,-1.7554
kahului,US,65.07,77,1,15.35,20.8947,-156.47
seoul,KR,29.03,46,0,6.91,37.5683,126.9778
grindavik,IS,37.4,75,75,16.11,63.8424,-22.4338
olafsvik,IS,36.12,83,71,30.96,64.8945,-23.7142
urucurituba,BR,85.93,61,47,5.53,-2.6833,-57.6667
yunyang,CN,46.99,49,56,12.93,33.4474,112.7142
puerto salgar,CO,84.29,72,96,1.3,5.462999999999999,-74.6544
bardiyah,LY,58.51,62,0,11.1,31.7561,25.0865
tual,ID,83.03,75,100,7.23,-5.6667,132.75
waitati,NZ,64.99,65,100,5.99,-45.75,170.5667
novikovo,RU,-6.47,88,0,6.31,51.1537,37.8879
luderitz,NA,70.32,53,0,24.72,-26.6481,15.1594
san cristobal,VE,77.0,78,40,5.75,7.7669,-72.225
dubbo,AU,60.8,72,0,11.5,-32.25,148.6167
markova,UA,44.6,65,0,6.71,48.6758,24.4138
arraial do cabo,BR,85.75,70,20,13.8,-22.9661,-42.0278
santa helena de goias,BR,86.04,59,0,1.5,-17.8136,-50.5969
airai,TL,62.06,92,100,1.81,-8.9266,125.4092
mandan,US,32.94,100,90,9.22,46.8267,-100.8896
nara,JP,37.63,55,74,7.9,34.6851,135.8049
tautira,PF,78.4,83,75,3.44,-17.7333,-149.15
banyo,CM,89.62,14,0,4.34,6.75,11.8167
cap malheureux,MU,79.0,74,3,3.0,-19.9842,57.6142
vila velha,BR,81.52,83,40,6.91,-20.3297,-40.2925
antanifotsy,MG,60.87,97,93,5.46,-19.65,47.3167
dingle,PH,76.93,89,100,4.63,10.9995,122.6711
trenggalek,ID,76.03,91,100,4.41,-8.05,111.7167
port hedland,AU,89.6,48,90,6.91,-20.3167,118.5667
fort nelson,CA,3.2,72,75,6.91,58.8053,-122.7002
coyah,GN,91.4,52,0,11.5,9.75,-13.4167
mykolayivka,UA,33.31,93,100,8.48,47.5414,30.7561
sechura,PE,79.25,55,96,6.08,-5.5569,-80.8222
urucara,BR,88.16,57,32,5.28,-2.5364,-57.76
amahai,ID,79.05,82,95,5.03,-3.3333,128.9167
panaba,MX,80.71,66,27,10.31,21.2833,-88.2667
larap,PH,75.96,92,57,4.09,14.299,122.6504
zhezkazgan,KZ,18.19,91,100,19.35,47.8043,67.7144
girne,CY,62.6,23,0,4.61,35.3417,33.3167
gucheng,CN,44.28,38,26,4.09,35.9115,111.3192
crucea,RO,41.0,93,40,4.61,44.5333,28.2333
avallon,FR,68.0,47,0,5.01,47.4833,3.9
boke,GN,102.02,21,0,7.18,10.9409,-14.2967
flinders,AU,62.73,79,62,3.0,-34.5833,150.8552
morondava,MG,83.64,77,0,10.6,-20.2833,44.2833
ca mau,VN,73.04,82,15,6.02,9.1769,105.15
abu samrah,SY,52.03,50,0,9.04,35.3029,37.1841
mindelo,CV,77.0,61,20,25.32,16.8901,-24.9804
parvatsar,IN,72.66,20,0,6.67,26.8833,74.7667
carutapera,BR,85.77,64,65,8.3,-1.195,-46.02
vilyuysk,RU,-30.98,84,0,3.62,63.7553,121.6247
pismo beach,US,53.85,66,1,6.69,35.1428,-120.6413
noyabrsk,RU,-34.8,97,0,4.9,63.1994,75.4507
tubuala,PA,86.0,54,20,4.61,9.5167,-79.0333
husavik,IS,30.2,93,75,9.22,66.0449,-17.3389
maniitsoq,GL,19.45,85,100,11.56,65.4167,-52.9
buala,SB,79.66,80,100,6.15,-8.145,159.5921
bien hoa,VN,77.0,78,20,6.91,10.95,106.8167
matagami,CA,30.38,99,99,9.84,49.7502,-77.6328
hovd,MN,23.92,73,37,7.0,48.0056,91.6419
rio grande,BR,83.07,54,20,17.27,-32.035,-52.0986
basavakalyan,IN,76.42,19,0,9.73,17.8667,76.95
havre-saint-pierre,CA,24.8,86,90,14.97,50.2334,-63.5986
mount isa,AU,87.8,18,80,17.27,-20.7333,139.5
sola,VU,78.8,94,90,17.63,-13.8833,167.55
kursumlija,RS,63.12,39,0,10.36,43.1458,21.2686
kudahuvadhoo,MV,82.81,80,61,16.37,2.6708,72.8944
aswan,EG,66.45,26,0,12.91,24.0934,32.907
yaan,NG,99.07,9,17,4.05,7.3833,8.5667
port-gentil,GA,86.0,79,40,12.66,-0.7193,8.7815
khatanga,RU,-28.37,85,92,5.08,71.9667,102.5
bereda,ES,60.35,55,33,14.0,43.2686,-7.5406
bam,IR,62.11,28,32,2.39,29.106,58.357
akdepe,TM,25.79,80,90,16.11,42.0551,59.3788
doha,QA,71.4,53,0,12.66,25.2867,51.5333
gusau,NG,90.5,10,9,8.88,12.1628,6.6614
price,US,28.4,69,1,1.19,39.5994,-110.8107
polunochnoye,RU,-25.46,87,3,4.23,60.8697,60.4153
wonthaggi,AU,49.91,89,79,3.0,-38.6044,145.5913
edinburg,GB,51.35,82,40,31.07,55.9521,-3.1965
beloha,MG,80.06,56,16,16.08,-25.1667,45.05
belyy yar,RU,-2.2,84,100,4.47,53.6039,91.3903
karoi,ZW,69.42,92,80,3.85,-16.8099,29.6925
pecos,US,44.6,49,1,3.44,31.4229,-103.4932
madimba,TZ,78.85,79,100,4.88,-10.4,40.3333
moose factory,CA,33.8,93,90,9.22,51.2585,-80.6094
batemans bay,AU,56.98,65,33,6.85,-35.7167,150.1833
yangliuqing,CN,30.2,80,90,8.95,39.1375,116.9997
tura,IN,66.33,29,0,1.1,25.5198,90.2201
comitancillo,GT,61.02,67,20,11.5,15.0833,-91.7167
kedrovyy,RU,-11.2,84,0,2.1,56.1667,91.8167
krasnopillya,UA,0.43,89,77,9.66,50.7746,35.2597
te anau,NZ,58.96,79,74,1.79,-45.4167,167.7167
tabuk,PH,72.63,89,88,1.63,17.4189,121.4443
hashtrud,IR,30.02,88,0,5.06,37.4779,47.0508
pangkalanbuun,ID,73.9,95,100,2.84,-2.6833,111.6167
keti bandar,PK,72.43,79,0,10.71,24.1447,67.4497
montego bay,JM,82.4,69,20,11.5,18.4712,-77.9188
russell,US,56.64,50,1,5.48,32.3502,-85.1999
lucapa,AO,72.57,81,75,5.99,-8.4192,20.7447
basmat,IN,78.67,18,0,4.61,19.3167,77.1667
khvorostyanka,RU,-15.66,84,97,19.75,52.6096,48.9597
tooele,US,38.73,81,40,12.01,40.5308,-112.2983
mironeasa,RO,42.93,70,0,4.61,46.9667,27.4167
turbat,PK,66.96,78,0,1.68,26.0023,63.044
george town,MY,83.55,65,20,8.05,5.4112,100.3354
macamic,CA,30.2,93,90,11.5,48.7502,-78.9996
whitehorse,CA,-2.07,84,75,3.44,60.7161,-135.0538
katrineholm,SE,40.28,81,85,8.05,58.9959,16.2072
paamiut,GL,19.94,48,35,10.49,61.994,-49.6678
awbari,LY,69.31,22,0,17.6,26.5921,12.7805
vila,PT,59.0,73,97,1.99,42.0304,-8.1588
barentu,ER,78.26,31,0,13.69,15.1139,37.5928
san jose,US,51.33,71,75,3.6,37.3394,-121.895
okakarara,NA,80.46,52,76,11.1,-20.5833,17.4333
cap-aux-meules,CA,32.0,93,100,24.16,47.3821,-61.8597
sur,OM,72.81,55,0,4.14,22.5667,59.5289
manzil salim,TN,57.2,41,40,20.71,35.8567,8.4765
haines junction,CA,-2.2,78,0,0.98,60.7522,-137.5108
ahipara,NZ,65.26,79,64,8.01,-35.1667,173.1667
kamenka,RU,-16.69,85,0,9.15,51.3223,42.7678
harper,LR,82.6,73,56,7.65,4.375,-7.7169
dasoguz,TM,30.2,80,90,16.11,41.8363,59.9666
souillac,MU,80.6,74,20,9.22,-20.5167,57.5167
vostok,RU,-13.94,90,100,4.52,46.4856,135.8833
dallas,US,61.75,34,1,12.66,32.7668,-96.7836
nanchong,CN,61.84,73,13,4.99,30.7951,106.0847
gorontalo,ID,75.51,96,70,3.67,0.5412,123.0595
beaverlodge,CA,26.6,68,75,17.27,55.2166,-119.4361
soe,ID,66.92,100,98,3.31,-9.8607,124.28399999999999
isnos,CO,73.87,51,83,4.32,1.9356,-76.2406
valparaiso,CL,64.24,63,0,9.22,-33.0393,-71.6273
liverpool,GB,55.29,77,90,19.57,53.4106,-2.9779
garissa,KE,92.91,29,93,9.37,-0.4536,39.6401
paragominas,BR,85.8,61,100,2.62,-2.9667,-47.4833
bijie,CN,54.95,89,0,6.8,27.3125,105.2942
santa isabel do rio negro,BR,81.16,90,37,5.93,-0.4139,-65.0192
gunnedah,AU,64.99,78,1,7.0,-30.9833,150.25
nome,US,-4.41,65,90,10.36,64.5011,-165.4064
gariaband,IN,75.2,46,0,4.61,20.635,82.0614
verkhnyaya inta,RU,-20.16,87,63,4.92,65.9811,60.3094
geraldton,AU,75.2,43,0,6.91,-28.7667,114.6
mehran,IR,44.6,39,0,2.3,33.1222,46.1646
ostrovnoy,RU,5.94,84,100,28.43,68.0531,39.5131
saldanha,ZA,75.2,53,0,16.11,-33.0117,17.9442
tuatapere,NZ,64.99,63,97,1.01,-46.1333,167.6833
scarborough,GB,53.62,76,100,11.99,54.2797,-0.4044
taoudenni,ML,87.62,13,0,8.55,22.6783,-3.9836
tayshet,RU,-5.28,91,100,3.53,55.9342,98.0044
yar-sale,RU,-10.03,97,100,9.28,66.8333,70.8333
roma,US,33.42,80,90,5.75,43.2128,-75.4557
vila franca do campo,PT,54.14,67,40,24.16,37.7167,-25.4333
itapirapua,BR,86.25,67,27,2.68,-15.8233,-50.6133
prado,BR,83.86,64,8,10.0,-17.3411,-39.2208
southbridge,US,39.85,64,92,1.99,42.0751,-72.0334
santa lucia,ES,69.71,73,75,12.66,27.9117,-15.5407
constitucion,CL,71.49,44,1,10.76,-35.3333,-72.4167
touros,BR,89.6,55,40,16.11,-5.1989,-35.4608
sokoni,TZ,85.33,70,75,13.8,-6.4333,39.55
pemba,MZ,80.29,78,75,3.44,-12.974,40.5178
shimoda,JP,37.0,65,96,1.01,34.6667,138.95
san francisco,US,54.1,71,75,3.44,37.7749,-122.4194
sohna,IN,72.21,60,0,3.44,28.25,77.0667
nanzhang,CN,53.87,60,87,3.96,31.7765,111.8386
banjar,ID,78.8,89,40,13.8,-8.19,114.9675
leh,IN,20.21,83,62,2.98,34.1667,77.5833
betul,IN,71.1,15,0,1.68,21.9153,77.8961
torrington,US,37.71,76,94,4.0,41.8007,-73.1212
jardim,BR,95.67,40,2,4.9,-21.4803,-56.1381
koppies,ZA,64.31,89,98,14.27,-27.2418,27.5742
cockburn town,TC,80.6,65,40,16.11,21.4612,-71.1419
saraipali,IN,74.32,20,0,2.44,21.3333,83.0
manbij,SY,50.0,40,0,3.44,36.5281,37.9549
teya,RU,-15.34,86,100,1.9,60.3778,92.6267
basco,PH,73.53,87,91,26.31,20.4487,121.9702
anadyr,RU,-22.0,76,0,11.18,64.75,177.4833
igarka,RU,-26.48,85,100,3.31,67.4667,86.5833
kondinskoye,RU,-27.83,85,12,9.57,59.6481,67.41
ketchikan,US,36.32,75,90,10.36,55.3422,-131.6461
san quintin,MX,62.08,44,94,4.09,30.4833,-115.95
nuuk,GL,26.6,74,75,5.75,64.1835,-51.7216
luena,AO,71.31,85,84,2.73,-11.7833,19.9167
alice springs,AU,69.8,35,0,3.44,-23.7,133.8833
bilma,NE,81.18,8,0,6.85,18.6853,12.9164
huallanca,PE,53.44,60,93,5.99,-9.8993,-76.9417
kologriv,RU,-13.54,97,66,4.27,58.8275,44.3178
akhtubinsk,RU,-3.66,78,0,19.04,48.2795,46.1722
newburgh,US,37.26,75,90,6.91,41.5034,-74.0104
tornio,FI,8.6,85,90,8.05,65.8481,24.1466
changde,CN,61.0,21,41,5.01,29.0464,111.6783
ipora,BR,81.84,73,26,3.67,-16.4419,-51.1178
tahta,EG,64.49,37,40,14.97,26.7693,31.5021
jiwani,PK,74.86,72,0,16.17,25.05,61.7417
neiafu,TO,77.0,94,75,2.3,-18.65,-173.9833
plettenberg bay,ZA,68.32,67,44,6.33,-34.0527,23.3716
cabedelo,BR,89.6,62,75,13.8,-6.9811,-34.8339
antofagasta,CL,72.25,64,0,14.97,-23.65,-70.4
kupang,ID,79.05,82,84,7.09,-10.1667,123.5833
gordeyevka,RU,10.22,92,100,12.19,52.9569,31.9703
novosheshminsk,RU,-13.61,89,92,15.79,55.0651,51.2338
codrington,AU,55.89,74,84,4.83,-38.2667,141.9667
linkou,CN,-4.79,86,3,4.47,45.3,130.2833
mahebourg,MU,80.6,74,20,9.22,-20.4081,57.7
hammerfest,NO,24.8,93,75,12.66,70.6634,23.6821
boguchany,RU,-12.82,87,89,3.15,58.3814,97.4531
mosquera,CO,60.8,59,75,6.91,4.7059,-74.2302
cacu,BR,91.71,48,0,1.59,-18.5567,-51.1308
sambava,MG,79.29,81,72,6.85,-14.2667,50.1667
serpa,PT,64.4,48,20,10.36,37.9458,-7.5975
plainview,US,40.6,65,1,9.22,40.7765,-73.4673
rumoi,JP,22.01,96,100,10.76,43.9344,141.6428
sault sainte marie,CA,36.82,81,90,11.5,46.5168,-84.3333
antalaha,MG,77.76,86,39,6.82,-14.9003,50.2788
borgarnes,IS,36.5,72,100,24.0,64.5383,-21.9206
nokaneng,BW,79.59,69,74,4.92,-19.6667,22.2667
inhambane,MZ,82.18,69,40,10.36,-23.865,35.3833
asyut,EG,62.6,51,0,17.27,27.181,31.1837
margate,GB,54.48,60,42,5.01,51.3813,1.3862
praia,CV,80.6,41,0,21.85,14.9215,-23.5087
kulachi,PK,64.63,32,0,1.12,31.9286,70.4592
rameswaram,IN,79.63,81,2,18.39,9.2833,79.3
kogon,UZ,50.0,46,0,9.22,39.7228,64.5517
bajil,YE,80.6,65,60,5.01,15.0584,43.2851
hami,CN,45.66,50,100,4.54,42.8,93.45
khani,GE,42.8,87,90,13.8,41.9563,42.9566
snasa,NO,33.8,93,40,13.8,64.2457,12.3778
catuday,PH,77.54,88,56,8.01,16.2923,119.8062
tongren,CN,61.75,80,50,3.18,27.7172,109.1853
tianpeng,CN,64.11,59,0,2.24,30.9866,103.9393
vestmanna,FO,44.6,93,75,12.66,62.1564,-7.1664
kieta,PG,80.2,82,100,5.01,-6.2167,155.6333
matara,LK,77.41,86,92,0.49,5.9485,80.5353
erzin,TR,62.01,23,0,2.13,36.9559,36.2
los andes,CL,84.0,44,48,1.99,-32.8337,-70.5983
paranhos,BR,92.59,44,13,3.6,-23.8928,-55.4311
egvekinot,RU,-16.1,87,2,6.49,66.3167,-179.1667
muros,ES,55.54,86,100,28.01,42.7762,-9.0603
damietta,EG,62.6,67,40,9.22,31.4165,31.8133
amarante do maranhao,BR,88.21,61,100,1.68,-5.5667,-46.7422
eregli,TR,31.28,91,0,1.19,37.5133,34.0467
soyo,AO,89.6,58,20,6.91,-6.1349,12.3689
kibre mengist,ET,69.91,33,100,3.91,5.8833,38.9833
sulina,RO,39.69,85,0,12.06,45.1559,29.6536
caramay,PH,76.89,87,100,5.06,10.1815,119.236
kyren,RU,5.16,95,98,0.96,51.6828,102.1408
nizhnevartovsk,RU,-32.8,75,0,4.68,60.9344,76.5531
yumen,CN,34.48,46,51,10.98,40.2833,97.2
ayan,RU,-8.61,73,100,13.22,56.45,138.1667
ust-omchug,RU,-21.42,74,72,4.88,61.15,149.6333
kombissiri,BF,95.0,8,0,9.22,12.0656,-1.3375
tenenkou,ML,96.46,8,0,11.65,14.4572,-4.9169
sao gabriel da cachoeira,BR,84.2,79,40,5.75,-0.1303,-67.0892
dandong,CN,21.6,69,14,7.02,40.1292,124.3947
rapid city,US,42.73,75,1,28.77,44.0805,-103.23100000000001
leningradskiy,RU,-10.34,89,100,4.23,69.3833,178.4167
hualmay,PE,76.05,62,7,9.42,-11.0964,-77.6139
ust-maya,RU,-22.18,86,95,3.11,60.4167,134.5333
dwarka,IN,74.34,67,0,10.76,22.2394,68.9678
longford,IE,51.28,90,100,12.46,53.7333,-7.8
itoman,JP,64.81,83,75,8.05,26.1247,127.6694
vestmannaeyjar,IS,41.0,87,90,23.02,63.4427,-20.2734
barela,IN,71.6,40,0,5.75,23.1,80.05
show low,US,43.38,39,1,11.5,34.2542,-110.0298
quatis,BR,84.81,60,1,2.8,-22.4072,-44.2581
lumeje,AO,74.98,72,100,2.39,-11.55,20.7833
beringovskiy,RU,-21.41,85,99,15.1,63.05,179.3167
raul soares,BR,82.47,69,32,2.91,-20.1022,-42.4519
benito juarez,MX,55.4,54,20,2.91,19.385,-99.165
cobija,BO,87.8,66,75,3.44,-11.0267,-68.7692
okhotsk,RU,2.59,88,90,8.66,59.3833,143.3
songea,TZ,65.21,97,100,1.74,-10.6833,35.65
orzhytsya,UA,16.56,95,76,9.44,49.7918,32.7012
troitskoye,RU,3.78,92,99,7.16,52.9821,84.6757
belaya gora,RU,-34.56,95,6,1.45,68.5333,146.4167
roebourne,AU,91.49,49,86,2.1,-20.7833,117.1333
kununurra,AU,77.0,82,40,1.14,-15.7667,128.7333
puerto escondido,MX,82.4,83,75,4.61,15.85,-97.0667
rupert,US,35.6,51,1,23.02,42.6191,-113.6772
havlickuv brod,CZ,52.83,66,66,1.77,49.6078,15.5807
parintins,BR,84.54,65,100,2.24,-2.6283,-56.7358
krutinka,RU,-5.67,95,100,22.3,56.0055,71.5113
santa maria del oro,MX,62.87,29,85,4.38,25.9333,-105.3667
pokrovsk,UA,11.57,89,0,12.41,48.282,37.1758
akureyri,IS,30.2,93,75,9.22,65.6835,-18.0878
leshukonskoye,RU,-8.7,90,28,3.13,64.8989,45.7622
rio gallegos,AR,55.4,41,0,14.97,-51.6226,-69.2181
sept-iles,CA,27.39,80,75,6.91,50.2001,-66.3821
